{
    "order": 1,
    "robot_pose": {
        "pos_x": -0.8269941806793213,
        "pos_y": 0.3228842616081238,
        "pos_z": 0.0,
        "ori_x": 0.0,
        "ori_y": 0.0,
        "ori_z": -0.7015725127395315,
        "ori_w": 0.7125980700004316
    }
}