{
    "order": 2,
    "robot_pose": {
        "pos_x": -0.8208723068237305,
        "pos_y": 1.7984145879745483,
        "pos_z": 0.0,
        "ori_x": 0.0,
        "ori_y": 0.0,
        "ori_z": 0.13465896118347123,
        "ori_w": 0.9908920042936002
    }
}