{
    "order": 3,
    "robot_pose": {
        "pos_x": 0.051804304122924805,
        "pos_y": 1.894190788269043,
        "pos_z": 0.0,
        "ori_x": 0.0,
        "ori_y": 0.0,
        "ori_z": -0.4684529328333092,
        "ori_w": 0.8834884547745212
    }
}