{
    "order": 4,
    "robot_pose": {
        "pos_x": 0.10687518119812012,
        "pos_y": -0.025082260370254517,
        "pos_z": 0.0,
        "ori_x": 0.0,
        "ori_y": 0.0,
        "ori_z": 0.15206828879100132,
        "ori_w": 0.9883699891964429
    }
}