{
    "order": 5,
    "robot_pose": {
        "pos_x": 1.3507170677185059,
        "pos_y": 0.050563693046569824,
        "pos_z": 0.0,
        "ori_x": 0.0,
        "ori_y": 0.0,
        "ori_z": 0.05391245038817121,
        "ori_w": 0.9985456663033209
    }
}