{
    "order": 6,
    "robot_pose": {
        "pos_x": 1.5897111892700195,
        "pos_y": 1.8543343544006348,
        "pos_z": 0.0,
        "ori_x": 0.0,
        "ori_y": 0.0,
        "ori_z": 0.9787521350665501,
        "ori_w": 0.20504696560219945
    }
}